job_ref,install_date,squares_measured,waste_pct_suggested,squares_with_waste,ridges_lf,hips_lf,valleys_lf,field_bundles_ordered,field_squares_ordered,cap_bundles_ordered,field_bundles_actual,field_squares_actual,cap_bundles_actual,delta_bundles_field,delta_bundles_cap,delta_squares,reorder_flag,reorder_reason,notes
greenway-2026-05,2026-05-15,28.13,17,32.91,112,109,68,78,26,0,99,33,10,21,10,0.09,Y,field_short+cap_short,First PO ordered 26 sq without full waste applied (tool said 33 with 17% waste); caps never on first PO at all
florida-2026-06,2026-06-20,24.5,11,27.2,101,0,0,84,28,5,82,27.3,5,-2,0,0.1,N,,"Clean gable, no hips/valleys; tool measurement within 1 bundle of actual"
archie-braxton,,,,,,,,,,,,,,,,-3.5,N,,3.5 sq of extra bundles left over (over-order); no other job detail given
randy-hart,,,,,,,,,,,,,,2,,,Y,field_short,"2 bundles short, three-tab shingles; no other job detail given"
donnell,,,,,,,,,,,,,,-2,,,N,,2 bundles extra left over (over-order); no other job detail given
tatjana-2026-07,2026-07-22,,,,,,,,,,,,,0,0,0,N,,Perfect measure — 0 field waste left over and no extra material bought for install; ordered qty matched actual usage exactly. Tool output numbers (squares/waste/LF) not recorded — offer to backfill from job record.
heritage-ct-2026-07,,39.1,,,,,,,,,,47,,,,7.9,N,,"2300 Heritage Ct, Kannapolis NC 28083. Instant Estimate mid 39.1 sq (solar_mask_whole; unreliable), band 33.2–44.9. Hard measure 47 sq w/ waste. Basis price $413/sq = $19,411. IE $530/sq fallback mid $20,723, range $17,615–$23,831 — $19,411 in range."
wittersheim-mount-olivet-2026-08,,,,,,,,,,,,,,,,,,,"1101 Mount Olivet Rd, Kannapolis NC 28083 (Jason Wittersheim; claim date of loss 7/17/2026, wind). NC Farm Bureau Xactimate-style carrier estimate (adjuster Cole Cantrell) — carrier ground truth only, no CRM job/opportunity exists for this address yet and no roof-measure tool output recorded, so all tool/order columns left blank. Three separate roof structures — Home Roof1: 2244.85 SF / 22.45 sq, 217.14' perimeter, 102.88' ridge, 55.47' hip, no valley. Carport: 971.87 SF / 9.72 sq, 127.43' perimeter, 38.42' ridge, no hip/valley. Shed Roof1: 476.33 SF / 4.76 sq, 87.31' perimeter, 22.12' ridge, no hip/valley. Revisit once this address is run through the tool to fill in the comparison columns."
kaestner-spring-st-2026-09,,24.63,15,29.56,33,87,13,89,29.7,6,,,5,,,,N,,"639 Spring St SW, Concord NC 28025 (job 26-0044, Caitlin Kaestner). Pre-install ground truth, not post-install. RIDGE/HIP CLASSIFICATION WAS BACKWARDS: tool read 33 ridge / 87 hip (120 LF cap); field call is 83 ridge / 20 hip (103 LF cap, 71 LF ridge vent). Tool's own validation notes flagged 'ridge lines are estimated' on this 13-section manual_draw roof — that warning was correct and should be treated as blocking. Cap LF error only 14% but the ridge/hip SPLIT error was 4x, which would have under-ordered ridge vent 71 LF -> 21 LF. Erie/HOVER carrier estimate for the house alone: 2315.78 SF / 23.16 sq, eaves 187.77', ridge(=ridge+hip cap) 107.72', step flashing 62', roof-to-wall 5'. Tool had house+garage at 2463 SF and step flashing 0. Tool eaves 291' (house-only 255') vs carrier 187.77' — eaves over-read ~36%. Garage (facets 12-13, detached 4/12 gable, 337 SF) was silently lumped into house totals."
corriher-springs-2026-09,,75.93,22.88,93.30,301,296,407,,,,240,79.67,14,-40,-10,-13.63,N,,"111 Corriher Springs Rd, China Grove NC 28023 (job 26-0046, Nathan & Yvette Cox). Pre-install ground truth, not post-install — carrier estimate dated 2026-09-22, job not yet built. NC Farm Bureau Mutual (Xactimate-style estimate NATHAN_COX1) — adjuster Braedon Storey, claim 11101979350, wind loss 9/5/2026. Carrier: 74.02 sq (7401.53 SF), ridge 135.30' + hip 190.69' = 325.99' combined (matches the 'Hip / Ridge cap' line item exactly — same ridge+hip cross-check as Kaestner/HOVER), ridge vent 135.30' (=ridges_lf alone, confirms ridge-only convention), drip edge/total perimeter 508.15', starter 366.54' (eaves only — Xactimate does not put starter on rakes; rakes_lf derived as perimeter minus starter = 141.61'). Valleys not itemized directly on this carrier — derived from ice & water valley application (652 SF at 18in each side = 3ft width) -> 217.33', vs tool's 407' (tool ~88% over on valleys). Carrier allowed field shingles at 79.67 sq (~7.6% over 74.02 sq) vs tool's suggested waste of 22.88% (93.3 sq) — the carrier figure is a payment allowance, NOT measured need; no post-install usage yet, so the waste gap is unverified. Re-running the waste model with carrier ridge/hip/valley LF gives 17.07%, so the LF over-read explains ~5.8 of the 22.88 points and the model's own baseline the rest. TOOL vs CARRIER: total squares close (75.93 vs 74.02, tool +2.6%), but combined ridge+hip cap LF is 597' vs 326' (+83%). ROOT CAUSE (replayed 2026-09-25): the auto classifier alone gives ridge 47 + hip 296 = 343' (+5% on the combined total, but the split is wrong — it labeled the 82' main ridge a hip); the rep then hand-drew 301' of 'ridge' lines (no hip draw tool, so hips were drawn as ridges) and drawn ridges REPLACE only auto ridge while auto hips stay, so ~235' of drawn ridge sits on edges also counted as auto hips = double count. Valleys have the same shape but ADD instead of replace (auto 174 + drawn 233 = 407 vs ~217 carrier-derived). Tool's own validation_notes on this row already flagged medium confidence, 14 hand-drawn sections ('Very Complex'), asked to verify ridge LF before quoting, and noted the drawn footprint running 17% above Google Solar's reference — same blocking-warning pattern as Kaestner, again not heeded before the proposal was built. field_bundles_ordered/cap_bundles_ordered left blank — no real PO was ever cut off the tool's numbers; field_bundles_actual/field_squares_actual/cap_bundles_actual above are the carrier-corrected figures (79.67 sq -> 240 bundles; 325.99' cap LF -> 14 bundles @ 25'/bundle), and the deltas compare those against what the tool's own suggestion would have produced (93.3 sq -> 280 bundles; 597' cap LF -> 24 bundles). Nathan's call (2026-09-25): order this job entirely off the carrier scope, not the tool output — CRM roof_measurements row + proposal P-00172 (sold_squares, waste%, ridge/hip cap line items) updated to match."
peduto-whispering-oaks-2026-09,,28.8,17,33.7,85,71,75,121,40.33,7,85,28.33,,-36,,-12,N,,"2563 Whispering Oaks Dr, Harrisburg NC 28075 (Peduto; opp 384a1825). POST-INSTALL (per Nathan 2026-09-25): 12 sq of material was LEFT OVER (delta_squares -12 = delta_bundles_field -36 at 3 bundles/sq), because a ~12 sq portion of the roof was newer and already had new roofing on it, so it was not replaced. ORDERED per Nathan = what the job board showed (job 26-0039, proposal P-00157, no overrides or PO rows on file): field shingles 121 bundles / 40.33 sq, cap 7 bundles (85' ridge + 71' hip @ 25'), starter 4 bundles. The proposal was sold at the tool's 28.80 sq + 40% waste = 40.32 sq (rep-chosen; tool suggested 17%). Actual columns are DERIVED: 121 - 36 leftover bundles = 85 bundles / 28.33 sq used; the 12 sq leftover is Nathan's round figure so treat as approximate; cap actual not given. CLAIM CHECK (2026-09-25): the claim's shingle lines total 40.39 sq = Dwelling 34.59 + Shed 5.80 (Workshop has no shingle lines: ridge vent, downspouts, height allowance, boom truck only). The job-board order was 40.33 sq = the claim count within 0.14%. The tool measured 28.80 sq, 11.59 sq short of the claim, and the rep's 40% waste (40.2% would be exactly enough) is what closed that gap — it was a plug to the claim count, not a real waste factor. Claim 40.39 - used 28.33 = 12.06, i.e. the ~12 sq left over. Nathan: the new addition should have been measured in — so the tool's area EXCLUDED it (answers the earlier open question). The ~12 sq that was in the claim and the order but already had new roofing was never installed. Implied waste on the ~28.8 sq replaced is ~0%, so the 12 sq figure and/or the measured area carry a few sq of slop. Install date not given (job scheduled 2026-08-20). Erie Insurance repair estimate, claim A00007694723, dated 2026-09-25 (same claim and roof figures as the 8/12 estimate already in scripts/roof-measure-eval-fixtures.json). THREE roof plans: Dwelling 3459.61 SF / 34.6 sq, eaves 163.39', ridge 100.88' (ridge cap AND ridge vent both 100.88', so Erie 'Ridge' = ridge+hip cap total — same rule as Kaestner/HOVER); Workshop 2191.78 SF / 21.9 sq, ridge 61.62'; Shed 581.20 SF / 5.8 sq, ridge 18.25'. Tool row (2026-08-12, 7 manual_draw facets, 7/12 + 5/12) matches the DWELLING only. Dwelling also: step flashing 83', roof-to-wall 21', 1 large chimney flashing, 1 box vent, EPDM 1.89 sq, steep-roof 7/12-9/12 charge 21.53 sq, 2-story height allowance 11.17 sq; shingles allowed at 38.05 sq (10% over 34.59) — an allowance, not measured need. TOOL vs CARRIER (dwelling): squares 28.8 vs 34.6 — the carrier scoped the whole dwelling, but ~12 sq of it was already new roofing, so the carrier area is NOT the replaced area and this gap is not a clean tool under-read (the addition was not drawn in the tool). eaves 169 vs 163.39 (+3%), ridge+hip cap 85+71=156 vs 100.88 (+55%), step flashing 0 vs 83 and chimney count 0 vs 1 (drawn/manual-only quantities not captured — same as Kaestner: step flashing 0 vs 62). Same double-count mechanism as Corriher: 2 drawn ridge lines (34+51=85) replaced auto ridge (46) while auto hips (71) stayed, ~54' of drawn ridge lies on auto-hip edges. With the 2026-09-25 drawn-line supersede fix the replay gives cap 106 (+5%) — this job was not used to design the fix."
